City,Country,Date,Lat,Long,Temp,Humidity,Cloudiness,Wind Speed
Lyngseidet,NO,1510980600,69.58,20.22,24.8,79,0,3.04
Sharjah,AE,1510979400,25.36,55.4,73.09,68,0,4.7
Bonfim,BR,1510982128,3.08,-59.95,82.03,61,0,9.82
Dubreka,GN,1510982130,9.79,-13.52,82.43,100,24,7.29
Cootamundra,AU,1510982131,-34.65,148.03,62.59,98,92,9.64
Chiang Khong,TH,1510977600,20.26,100.4,84.2,74,20,3.36
Big Bend,SZ,1510977600,-26.82,31.93,57.2,87,0,2.24
Prince Albert,CA,1510977600,53.2,-105.77,-0.41,84,5,6.93
Batagay-Alyta,RU,1510982137,67.8,130.41,-2.85,68,48,4.0
Dachau,DE,1510980600,48.26,11.43,34.83,100,90,3.36
La Orilla,MX,1510982140,17.98,-102.23,77.44,100,92,2.48
Tarnow,PL,1510982142,50.01,20.99,32.93,100,92,5.39
Urusha,RU,1510982143,54.05,122.9,-0.96,43,0,8.52
Dengfeng,CN,1510982145,34.46,113.03,37.43,40,80,4.27
Moroni,KM,1510977600,-11.7,43.26,84.2,83,75,9.17
Kurilsk,RU,1510982147,45.23,147.88,43.33,96,92,36.55
Contamana,PE,1510982149,-7.33,-75.02,75.32,97,48,1.81
Smithers,CA,1510981200,54.78,-127.17,21.2,92,90,4.7
Vaini,TO,1510981200,-21.2,-175.2,80.6,83,75,3.36
Carmelo,UY,1510977600,-33.99,-58.29,53.6,62,0,9.17
Awbari,LY,1510982155,26.59,12.78,33.65,71,0,2.82
Dejen,ET,1510982157,10.17,38.13,61.28,33,0,2.37
Fuerte Olimpo,PY,1510982158,-21.04,-57.87,76.76,85,68,10.83
Malanje,AO,1510982160,-9.54,16.34,64.66,100,80,3.33
Naudero,PK,1510981200,27.66,68.36,68.0,56,0,9.17
Aloja,LV,1510982163,57.77,24.88,40.76,94,92,17.47
Carauari,BR,1510982165,-4.88,-66.9,78.56,94,32,2.55
Naze,JP,1510977600,28.37,129.48,71.6,68,75,23.04
Zverinogolovskoye,RU,1510982168,54.46,64.85,25.55,97,80,9.42
Lakhdenpokhya,RU,1510982169,61.52,30.2,35.45,94,56,12.77
Tiznit,MA,1510982171,29.7,-9.73,54.35,97,48,2.82
Uglegorsk,RU,1510982172,49.08,142.03,21.46,84,76,10.31
Toora-Khem,RU,1510982174,52.47,96.11,12.1,54,12,0.36
Ushuaia,AR,1510977600,-54.8,-68.3,44.6,75,75,4.7
Vyazemskiy,RU,1510982177,47.54,134.75,4.9,59,0,4.23
Rugby,GB,1510980600,52.37,-1.26,41.32,81,40,10.29
Aasiaat,GL,1510982180,68.71,-52.87,18.26,100,0,15.79
Uarini,BR,1510982182,-2.99,-65.11,80.5,82,0,4.12
Tahe,CN,1510982183,52.33,124.73,-3.52,36,32,9.26
Chichimila,MX,1510982185,20.62,-88.22,68.44,82,0,3.33
Pytalovo,RU,1510982186,57.07,27.91,35.95,93,88,12.84
Clonakilty,IE,1510979400,51.62,-8.87,50.0,100,75,8.05
Nueva Loja,EC,1510982189,0.08,-76.88,74.56,93,20,2.1
Marsabit,KE,1510982191,2.33,37.99,85.0,29,0,7.02
Polson,US,1510982154,47.69,-114.16,29.2,69,88,4.23
Balikpapan,ID,1510982194,-1.27,116.83,85.31,100,36,5.01
Ventspils,LV,1510980600,57.39,21.56,46.4,75,75,18.34
Baoding,CN,1510981920,38.85,115.49,37.3,37,0,10.94
Kabinda,CD,1510982198,-6.13,24.48,69.25,100,92,4.61
Elias Fausto,BR,1510977600,-23.04,-47.37,68.0,88,0,5.82
Saryozek,KZ,1510982201,44.36,77.98,37.88,58,0,7.29
Yar-Sale,RU,1510982202,66.83,70.83,18.4,95,80,9.6
Marawi,SD,1510982204,18.48,31.82,72.76,60,0,9.86
Muli,MV,1510982205,2.92,73.57,83.29,100,8,6.4
Sabzevar,IR,1510982207,36.21,57.68,46.25,60,0,3.6
Martil,MA,1510981200,35.62,-5.28,58.32,72,64,2.24
Chik,RU,1510979400,54.99,82.43,28.4,79,75,13.42
Puteyets,RU,1510982211,65.17,57.09,24.43,90,88,6.02
Keffi,NG,1510982212,8.85,7.87,74.2,75,0,3.11
Toba Tek Singh,PK,1510982122,30.97,72.48,63.53,100,0,4.56
Beidao,CN,1510982215,34.57,105.89,33.02,92,76,3.78
Bambari,CF,1510982217,5.77,20.68,74.56,85,32,8.93
Port Antonio,JM,1510977600,18.18,-76.46,80.6,78,20,11.41
Morehead,PG,1510982220,-8.71,141.64,82.25,90,80,13.85
Yenagoa,NG,1510982221,4.92,6.26,76.09,91,36,7.07
Maumere,ID,1510982223,-8.62,122.21,82.93,100,68,7.63
Kasrawad,IN,1510977600,22.13,75.6,71.6,64,0,3.36
Puerto Quijarro,BO,1510982226,-17.78,-57.77,76.36,88,12,7.36
Poitiers,FR,1510981200,46.58,0.33,44.6,93,90,5.82
Karlskoga,SE,1510980600,59.33,14.52,40.84,87,64,17.22
Klyuchi,RU,1510982231,56.3,160.85,22.58,69,0,6.06
Alta,NO,1510980600,69.97,23.27,20.17,92,0,2.24
Karaidel,RU,1510982234,55.83,56.91,25.33,86,80,8.14
Faridnagar,IN,1510979400,28.77,77.62,69.8,64,20,4.7
Aguimes,ES,1510981200,27.91,-15.45,68.0,77,75,6.93
Bjornevatn,NO,1510980600,69.67,29.98,19.4,92,88,2.24
Darab,IR,1510982239,28.75,54.54,54.98,41,0,3.11
Vazante,BR,1510982241,-17.99,-46.91,66.77,90,56,5.57
College,US,1510981080,64.86,-147.8,-5.14,83,1,2.89
Pauini,BR,1510982244,-7.71,-66.98,75.95,92,12,2.37
Kaspiyskiy,RU,1510982245,45.39,47.37,43.15,100,32,14.18
Spas-Klepiki,RU,1510982247,55.13,40.18,34.06,90,92,12.62
Sarangani,PH,1510982248,5.4,125.46,84.41,100,24,9.04
Pangnirtung,CA,1510982250,66.15,-65.71,-3.79,91,0,8.59
Netivot,IL,1510982251,31.42,34.59,57.01,88,32,3.11
Young,UY,1510982252,-32.68,-57.63,55.21,59,8,12.28
Naryan-Mar,RU,1510982254,67.67,53.09,17.86,82,48,12.55
Bunia,CD,1510982255,1.57,30.25,68.89,100,48,1.36
Libenge,CD,1510982257,3.65,18.63,73.48,94,88,2.04
Mondlo,ZA,1510982258,-27.98,30.72,57.86,65,0,3.83
Saraland,US,1510980960,30.82,-88.07,60.24,93,40,5.82
Pyshma,RU,1510982261,56.95,63.25,25.55,90,44,10.38
West Wendover,US,1510980960,40.74,-114.07,35.6,47,1,14.99
Little Current,CA,1510981200,45.98,-81.92,41.0,93,90,19.46
Grenaa,DK,1510980600,56.42,10.88,44.6,87,92,10.29
Senovo,BG,1510982266,43.65,26.37,45.31,100,92,7.52
Evensk,RU,1510982268,61.95,159.23,28.21,100,36,20.56
Nayoro,JP,1510982269,44.35,142.46,37.16,87,56,11.83
Leiyang,CN,1510982271,26.4,112.86,47.29,99,100,18.7
Umm Lajj,SA,1510982273,25.02,37.27,79.01,76,48,6.06
Jimo,CN,1510977600,36.39,120.46,39.2,41,75,13.42
Amga,RU,1510982276,60.9,131.96,-12.61,58,44,3.04
Wamba,CD,1510982277,2.15,27.99,71.27,93,88,3.0
Gobabis,NA,1510977600,-22.45,18.97,53.6,37,0,1.12
Ondjiva,AO,1510982280,-17.07,15.73,71.27,25,32,7.52
Dyurtyuli,RU,1510982281,55.49,54.87,29.78,93,68,9.64
Samfya,ZM,1510982283,-11.37,29.56,74.29,68,8,11.39
Messina,ZA,1510982284,-22.35,30.04,70.55,52,12,10.6
Chumikan,RU,1510982286,54.72,135.31,-1.81,100,20,7.52
Kurgan,RU,1510982287,55.45,65.33,24.43,98,92,8.03
Barreiras,BR,1510982289,-12.15,-44.99,64.84,92,8,3.0
Cerro Largo,BR,1510982290,-28.15,-54.74,64.25,100,92,6.91
Tucumcari,US,1510980780,35.17,-103.72,66.2,37,1,31.09
Mae Chan,TH,1510977600,20.15,99.85,84.2,74,20,3.36
Lanigan,CA,1510982295,51.85,-105.03,7.6,79,48,11.61
Hit,IQ,1510982296,33.64,42.83,57.19,69,0,2.89
Jocotepec,MX,1510982297,20.3,-103.43,52.24,70,0,2.26
Westport,NZ,1510982299,-41.75,171.6,65.6,61,0,4.5
Grand Forks,US,1510980900,47.93,-97.03,15.78,85,75,5.82
Pozoblanco,ES,1510981200,38.38,-4.85,39.2,86,0,2.71
Coswig,DE,1510980600,51.13,13.58,32.0,89,40,5.82
Heihe,CN,1510979400,50.24,127.49,1.4,37,0,11.18
High Level,CA,1510981200,58.52,-117.14,-7.61,76,20,2.59
Sudak,UA,1510982308,44.85,34.97,34.1,100,8,3.0
Iguai,BR,1510982309,-14.76,-40.09,61.15,94,48,2.71
San Rafael,AR,1510982311,-34.62,-68.33,53.95,20,12,7.58
Jalpaiguri,IN,1510982312,26.52,88.73,83.56,66,0,2.89
Yamethin,MM,1510982314,20.43,96.15,87.65,66,0,8.75
Uray,RU,1510982315,60.12,64.78,24.61,94,56,4.9
Shelopugino,RU,1510982317,51.65,117.56,-1.99,43,0,5.79
Totma,RU,1510982318,59.97,42.76,34.24,91,76,14.18
Kuusamo,FI,1510980600,65.97,29.18,23.0,92,90,6.93
Bafoulabe,ML,1510982321,13.81,-10.83,66.5,64,80,3.22
Turkan,AZ,1510979400,40.36,50.22,53.6,93,90,2.24
Rocky Mountain House,CA,1510982319,52.37,-114.92,6.16,63,48,2.77
Rothes,GB,1510980600,57.53,-3.21,39.16,65,75,20.8
Kumphawapi,TH,1510977600,17.11,103.01,89.6,59,0,6.93
Dutlwe,BW,1510982329,-23.98,23.9,67.67,19,0,7.14
Jucas,BR,1510982330,-6.53,-39.53,75.91,61,36,10.38
Sao Raimundo Nonato,BR,1510982332,-9.02,-42.7,69.47,69,36,4.72
Benjamin Aceval,PY,1510977600,-24.97,-57.57,73.4,88,75,5.82
Estevan,CA,1510980900,49.13,-102.98,4.68,84,1,14.99
Kasongo,CD,1510982336,-4.45,26.67,69.38,99,88,3.04
Eidfjord,NO,1510982338,60.47,7.07,24.11,89,76,3.56
Cockburn Town,BS,1510982340,24.03,-74.52,78.38,100,48,21.12
Lalpur,IN,1510982341,22.2,69.97,80.14,38,0,11.95
Malmyzh,RU,1510982343,56.52,50.68,30.68,95,92,14.63
Lokosovo,RU,1510982344,61.13,74.82,18.71,93,76,4.23
Atuona,PF,1510982346,-9.8,-139.03,77.26,100,92,16.2
Reserva,BR,1510982347,-24.65,-50.85,64.25,99,92,2.59
Kongsberg,NO,1510980600,59.67,9.65,35.6,80,0,8.05
Kerman,IR,1510977600,30.28,57.08,32.0,39,0,6.93
Ballyhaunis,IE,1510982352,53.77,-8.77,42.16,100,100,2.59
Tuktoyaktuk,CA,1510981200,69.45,-133.04,-2.21,84,90,4.7
Pocone,BR,1510982355,-16.26,-56.62,75.73,80,0,7.74
Clyde River,CA,1510981200,70.47,-68.59,-18.41,68,1,2.24
Kingaroy,AU,1510982358,-26.53,151.83,64.07,94,92,8.52
Alpena,US,1510979760,45.06,-83.43,36.21,93,90,3.36
Wembley,CA,1510981200,55.15,-119.14,-5.81,83,40,4.7
Atyrau,KZ,1510979400,47.12,51.88,24.8,100,0,2.24
Baikunthpur,IN,1510982364,23.25,82.55,76.99,85,0,4.5
Roma,AU,1510982365,-26.58,148.78,71.68,83,80,7.81
Yatou,CN,1510982367,37.15,122.38,38.33,84,76,18.7
Dalvik,IS,1510977600,65.97,-18.53,24.8,85,40,3.36
Mozarlandia,BR,1510982370,-14.74,-50.57,69.56,90,36,5.06
Rawlins,US,1510980900,41.79,-107.24,25.57,79,90,11.41
Butaritari,KI,1510982373,3.07,172.79,81.8,100,92,5.61
Tendukheda,IN,1510982375,23.4,79.55,78.34,65,64,1.7
Lensk,RU,1510982376,60.73,114.93,-9.28,82,36,9.53
Chapleau,CA,1510982378,47.84,-83.4,32.57,99,92,5.12
Zdunska Wola,PL,1510981200,51.6,18.94,35.6,93,75,2.24
Taupo,NZ,1510982082,-38.68,176.08,57.5,57,80,13.96
Zabid,YE,1510982382,14.2,43.32,80.68,33,0,5.57
Kasongo-Lunda,CD,1510982383,-6.47,16.82,68.26,98,92,3.22
Ashington,GB,1510980600,55.16,-1.59,43.09,81,20,17.22
Fereydun Kenar,IR,1510977600,36.69,52.52,53.96,93,0,4.05
Sangin,AF,1510982388,32.07,64.84,51.65,94,0,3.33
Maksatikha,RU,1510982390,57.8,35.88,34.51,95,88,12.62
Maniitsoq,GL,1510982391,65.42,-52.9,13.0,100,48,9.26
Okha,RU,1510982393,53.57,142.95,8.23,100,0,6.24
Ambilobe,MG,1510982394,-13.2,49.05,81.17,66,44,2.89
Catarman,PH,1510982396,9.13,124.68,83.96,85,24,3.83
Vendome,FR,1510981200,47.8,1.07,43.52,100,90,2.04
Masallatah,LY,1510982399,32.62,14.0,51.25,93,0,12.66
Ariogala,LT,1510980600,55.27,23.47,33.8,97,90,9.17
Fukue,JP,1510982402,32.69,128.84,56.11,100,24,35.54
Bull Savanna,JM,1510982404,17.89,-77.59,72.31,86,24,6.35
Jardim,BR,1510981200,-3.46,-39.06,78.8,74,40,11.41
Dombarovskiy,RU,1510982407,50.76,59.54,28.75,93,0,10.76
Belaya Gora,RU,1510982408,68.53,146.42,-5.41,84,80,4.72
Berdigestyakh,RU,1510982410,62.1,126.7,-10.27,52,56,3.71
Awjilah,LY,1510982411,29.11,21.29,44.27,61,0,3.04
Okuchi,JP,1510977600,32.07,130.62,60.8,63,40,13.87
Falun,SE,1510980600,60.6,15.63,37.4,93,64,3.36
Pudozh,RU,1510982416,61.81,36.53,35.0,91,88,14.63
Chor,PK,1510982417,25.52,69.77,69.56,83,0,7.36
Cienaga,CO,1510977600,11.01,-74.25,75.94,94,75,9.17
Paamiut,GL,1510982420,61.99,-49.67,31.09,100,48,9.42
Xixiang,CN,1510982421,35.16,112.86,34.06,46,48,3.83
Kronshtadt,RU,1510979400,59.99,29.77,41.0,86,75,13.42
Nova Olimpia,BR,1510982133,-14.8,-57.29,73.03,95,8,5.23
Odesskoye,RU,1510982426,54.21,72.97,33.88,98,92,9.93
Doume,CM,1510982427,4.23,13.45,68.12,97,88,2.26
Bima,ID,1510982429,-8.47,118.72,84.95,82,12,2.33
Pangai,TO,1510981200,-19.8,-174.35,80.6,88,75,6.93
Sangmelima,CM,1510982432,2.93,11.98,67.76,99,92,2.55
Hilo,US,1510977360,19.73,-155.09,60.21,78,75,5.39
Flin Flon,CA,1510982435,54.77,-101.86,7.06,90,8,7.36
Xalpatlahuac,MX,1510982436,17.47,-98.62,52.06,94,24,1.99
Kpandae,GH,1510982438,8.47,-0.01,74.56,93,0,5.35
Melipilla,CL,1510977600,-33.7,-71.22,60.8,44,0,14.99
Gualaquiza,EC,1510982441,-3.4,-78.55,59.75,90,32,2.21
Itoman,JP,1510980960,26.12,127.67,73.98,73,75,17.22
Jalingo,NG,1510982444,8.88,11.37,71.63,59,0,3.89
Baykit,RU,1510982446,61.67,96.37,-10.86,69,76,3.71
Ha Tinh,VN,1510982447,18.33,105.9,76.76,100,100,11.05
Buwenge,UG,1510982449,0.64,33.17,72.13,94,56,4.34
Nancha,CN,1510982450,47.13,129.27,1.93,38,32,5.79
Scarborough,GB,1510980600,54.28,-0.4,45.59,87,12,5.82
Attendorn,DE,1510980600,51.13,7.9,36.41,95,75,14.99
Bagdarin,RU,1510982454,54.43,113.6,-0.78,39,0,4.38
Tarut,SA,1510979400,26.57,50.04,70.34,53,40,4.7
Umm Kaddadah,SD,1510982458,13.6,26.69,73.21,29,0,3.22
Zwedru,LR,1510982459,6.07,-8.13,70.91,97,76,4.05
Dawei,MM,1510982461,14.08,98.2,84.77,80,12,2.82
Khorinsk,RU,1510982462,52.17,109.77,14.35,56,48,4.72
Altamira,MX,1510980180,22.4,-97.92,77.0,83,20,6.93
Maturin,VE,1510982465,9.75,-63.18,76.76,90,0,5.57
Yelizovo,RU,1510979400,53.19,158.38,33.8,55,56,8.95
Lewistown,US,1510980840,47.06,-109.43,28.4,63,1,13.87
Lokoja,NG,1510982470,7.8,6.74,76.09,85,12,8.25
Kirkenaer,NO,1510982472,60.46,12.06,24.43,83,8,2.26
Horadiz,AZ,1510982474,39.45,47.34,49.54,100,92,4.23
Valguarnera Caropepe,IT,1510980900,37.5,14.39,50.77,93,20,6.93
Vestmannaeyjar,IS,1510982476,63.44,-20.27,30.46,100,20,9.82
Tikrit,IQ,1510982478,34.61,43.68,56.42,59,12,5.79
Mairi,BR,1510982479,-11.71,-40.15,63.31,96,56,3.0
Preeceville,CA,1510982481,51.95,-102.67,6.16,76,76,6.85
Itatskiy,RU,1510982482,56.07,89.04,27.26,89,56,9.53
Sira,IN,1510982484,13.75,76.91,80.45,75,76,4.05
Tomari,RU,1510982486,47.77,142.07,28.3,100,88,22.84
Menongue,AO,1510982487,-14.66,17.69,73.21,43,0,3.71
Lulea,SE,1510980600,65.58,22.15,21.2,92,90,9.17
Shklo,UA,1510979400,49.96,23.54,33.8,100,90,4.38
Vanimo,PG,1510982491,-2.67,141.3,85.0,100,8,13.85
Vilyuysk,RU,1510982493,63.76,121.62,-5.91,71,48,4.12
Magaria,NE,1510982494,13.0,8.91,69.11,37,0,10.38
Motegi,JP,1510977600,36.52,140.18,50.0,76,90,9.17
Plastun,RU,1510982497,44.76,136.29,12.46,52,36,9.08
Liepaja,LV,1510980600,56.52,21.02,45.63,75,92,17.22
Concarneau,FR,1510981200,47.88,-3.92,38.08,100,90,3.36
Tome,CL,1510977600,-36.62,-72.95,48.2,81,0,4.7
Qiqihar,CN,1510982504,47.34,123.97,8.68,87,0,8.75
Konibodom,TJ,1510979400,40.28,70.44,44.6,70,20,4.47
Cangucu,BR,1510982507,-31.39,-52.68,61.28,97,88,4.9
Mgandu,TZ,1510982508,-5.95,34.13,72.98,60,0,10.6
Izhma,RU,1510982509,65.01,53.91,21.95,80,80,6.73
Nova Vicosa,BR,1510982511,-17.89,-39.37,70.01,97,24,6.13
Brantford,CA,1510981200,43.13,-80.27,32.04,92,90,6.93
Lebedinyy,RU,1510982514,58.52,125.52,-9.37,48,44,6.06
Ban Dung,TH,1510977600,17.7,103.26,89.6,59,0,6.93
Tiksi,RU,1510982517,71.69,128.87,8.45,87,64,12.44
Posse,BR,1510982518,-14.09,-46.37,68.03,91,68,3.27
Putina,PE,1510982520,-15.47,-69.43,51.2,100,88,12.77
Bloemfontein,ZA,1510981200,-29.12,26.21,51.8,26,0,2.24
Bambous Virieux,MU,1510981200,-20.34,57.76,80.6,78,40,11.41
Hope,CA,1510981200,49.38,-121.44,41.0,93,90,4.7
Sabya,SA,1510977600,17.15,42.63,77.0,73,20,8.05
Shieli,KZ,1510982527,44.17,66.75,38.78,81,92,9.82
Aswan,EG,1510982528,24.09,32.91,70.01,72,56,4.12
Bandarbeyla,SO,1510982530,9.49,50.81,81.26,100,24,22.35
Masvingo,ZW,1510977600,-20.06,30.83,62.6,88,75,6.93
Amursk,RU,1510982533,50.23,136.9,4.67,85,44,4.12
Gharghoda,IN,1510982534,22.17,83.35,81.85,73,8,6.62
Kendari,ID,1510982536,-3.94,122.5,85.76,82,64,4.0
Vulcanesti,MD,1510982537,45.68,28.4,42.02,100,92,6.85
Lidkoping,SE,1510980600,58.51,13.16,41.94,93,56,14.99
Freeport,BS,1510982541,26.53,-78.7,75.86,100,88,13.78
Sur,OM,1510982542,22.57,59.53,78.16,97,0,3.56
Pak Phanang,TH,1510977600,8.35,100.2,89.6,70,40,3.36
Mercedes,AR,1510982545,-29.18,-58.08,60.56,67,12,13.4
Cobija,BO,1510982547,-11.03,-68.77,76.58,85,64,2.1
Wajir,KE,1510982548,1.75,40.06,87.65,41,0,8.03
Hofn,IS,1510982550,64.25,-15.21,37.03,100,92,15.97
Ust-Barguzin,RU,1510982551,53.45,108.98,10.07,95,20,2.77
Banswara,IN,1510982553,23.55,74.45,81.04,59,0,8.63
Auki,SB,1510982554,-8.77,160.7,82.52,100,24,5.06
Scalea,IT,1510982555,39.81,15.8,57.05,100,0,6.73
Mayo,CA,1510981200,63.59,-135.9,-11.21,76,75,3.36
Bolotnoye,RU,1510982558,55.67,84.4,28.88,93,92,11.83
Leshukonskoye,RU,1510982560,64.9,45.76,30.41,89,80,6.06
Izumrud,RU,1510979400,57.08,61.4,28.4,92,75,6.71
Mwingi,KE,1510982563,-0.93,38.06,67.54,95,92,3.89
Mariental,NA,1510977600,-24.63,17.97,59.0,22,0,3.36
Nongan,CN,1510977600,44.38,125.17,15.8,33,0,11.18
Changji,CN,1510979400,44.02,87.32,33.8,100,75,2.24
Ocos,GT,1510982569,14.51,-92.19,81.35,100,68,3.6
Ancud,CL,1510982571,-41.87,-73.82,40.13,90,64,2.89
Khashuri,GE,1510982572,41.99,43.6,39.86,88,24,4.23
Berbera,SO,1510982574,10.44,45.01,70.28,79,80,4.23
Luderitz,NA,1510977600,-26.65,15.16,57.2,62,0,14.99
Dong Xoai,VN,1510982577,11.53,106.92,85.31,82,44,4.72
Tabuk,SA,1510977600,28.38,36.58,57.2,33,0,5.82
Atikokan,CA,1510982580,48.76,-91.62,26.68,91,56,6.35
Kon Tum,VN,1510982581,14.35,108.0,85.9,57,8,2.55
Salym,RU,1510982583,60.06,71.48,21.32,87,76,3.71
Borba,BR,1510982584,-4.39,-59.59,76.54,94,0,2.04
Perg,AT,1510980600,48.25,14.63,37.4,93,75,3.36
Mani,CO,1510982587,4.82,-72.29,75.46,89,36,2.55
Kirensk,RU,1510982589,57.79,108.11,-0.19,63,48,3.33
Ajdabiya,LY,1510982481,30.76,20.23,48.32,79,0,7.4
Kanchanaburi,TH,1510982474,14.0,99.55,91.88,71,0,4.34
Maracacume,BR,1510982593,-2.04,-45.96,73.7,89,0,4.23
Marevo,RU,1510982594,57.31,32.08,35.45,90,80,14.41
Alihe,CN,1510982596,50.57,123.72,-0.55,42,0,7.63
Yabrud,SY,1510977600,33.97,36.66,46.4,42,0,4.7
Hvide Sande,DK,1510980600,56.0,8.13,43.63,81,92,18.34
Hohhot,CN,1510977600,40.81,111.65,19.4,31,0,6.71
Tena,EC,1510982602,-0.98,-77.82,60.92,95,68,4.72
Pyapon,MM,1510982603,16.28,95.68,90.62,77,12,4.27
Santa Rosa,BO,1510982605,-14.17,-66.88,75.91,87,68,4.5
Enid,US,1510980960,36.4,-97.88,72.82,40,1,23.04
Kysyl-Syr,RU,1510982608,63.9,122.76,-6.81,74,56,2.82
Iraquara,BR,1510982322,-12.25,-41.62,64.16,93,64,6.73
Diapaga,BF,1510982611,12.07,1.79,67.58,40,12,6.62
Buraydah,SA,1510977600,26.33,43.98,57.2,47,0,3.36
Necochea,AR,1510982613,-38.55,-58.74,48.5,96,64,16.08
Srednekolymsk,RU,1510982545,67.45,153.68,-2.13,82,80,4.83
Labelle,CA,1510982616,46.28,-74.73,13.13,75,64,3.0
Viransehir,TR,1510982617,37.24,39.76,50.03,56,0,3.71
Araouane,ML,1510982619,18.9,-3.53,59.93,17,92,8.52
Takanabe,JP,1510977600,32.13,131.5,64.4,77,75,4.7
Caranavi,BO,1510982622,-15.82,-67.55,68.21,92,92,0.76
Lepley,RU,1510982623,54.31,42.86,32.57,96,92,10.76
Vryheid,ZA,1510982625,-27.77,30.79,58.9,53,0,7.92
Pachora,IN,1510982626,20.67,75.35,81.76,51,0,6.51
Kishtwar,IN,1510982628,33.32,75.77,32.48,66,68,1.99
Smolenka,RU,1510979400,52.14,113.5,10.4,55,0,8.95
Gizo,SB,1510982631,-8.1,156.84,84.86,100,12,3.49
Riyadh,SA,1510977600,24.69,46.72,57.2,33,0,2.24
Arroio Grande,BR,1510982540,-32.24,-53.09,66.23,100,0,7.4
Karasjok,NO,1510980600,69.47,25.51,19.4,92,76,4.7
Zyryanka,RU,1510982636,65.75,150.85,-4.69,80,68,8.52
Nianzishan,CN,1510982637,47.52,122.88,8.27,80,12,3.27
Port Blair,IN,1510982639,11.67,92.75,84.1,100,56,8.75
Ciudad Bolivar,VE,1510982562,8.12,-63.55,77.57,85,0,10.94
Rupert,US,1510980780,42.62,-113.68,29.57,80,1,12.75
Krupina,SK,1510981200,48.36,19.06,37.4,100,90,2.37
San Clemente,PE,1510981200,-13.67,-76.15,62.6,88,0,3.36
Santa Maria,CV,1510981200,16.6,-22.9,73.4,83,75,8.05
Wewak,PG,1510982647,-3.55,143.63,85.63,79,12,3.71
Kabanjahe,ID,1510979400,3.1,98.49,86.0,70,40,2.24
Luganville,VU,1510982650,-15.53,167.17,81.71,96,68,9.93
Muzhi,RU,1510982652,65.37,64.67,15.11,92,92,3.89
Bhayavadar,IN,1510982653,21.85,70.25,83.33,28,0,12.88
Tuni,IN,1510982655,17.35,82.55,82.88,91,0,5.84
Tralee,IE,1510982656,52.27,-9.7,50.44,97,92,9.64
Novopavlovka,RU,1510982658,51.22,109.21,15.79,62,88,5.79
Serabu,SL,1510982659,7.8,-12.05,71.9,97,8,2.55
Ariquemes,BR,1510982432,-9.91,-63.04,76.54,90,68,2.1
Tsiroanomandidy,MG,1510982662,-18.77,46.03,75.05,88,0,4.05
Port Lincoln,AU,1510982664,-34.73,135.87,69.25,72,0,12.17
Caapucu,PY,1510982665,-26.22,-57.2,68.03,100,100,7.58
Weiser,US,1510982667,44.25,-116.97,28.93,76,80,2.26
Jiehu,CN,1510982668,35.54,118.45,41.53,28,0,7.25
Shimonoseki,JP,1510979400,33.95,130.95,55.4,62,75,20.8
Neringa,LT,1510980600,55.37,21.06,41.5,70,75,9.17
Lakes Entrance,AU,1510982672,-37.88,147.98,73.07,65,8,10.65
Jumla,NP,1510982674,29.27,82.18,35.05,93,68,0.69
Nampula,MZ,1510981200,-15.12,39.27,77.0,83,75,4.7
Isangel,VU,1510982677,-19.55,169.27,74.65,100,12,11.32
Novo Aripuana,BR,1510982678,-5.12,-60.38,77.3,89,0,2.04
Pampa,US,1510980900,35.54,-100.96,66.7,38,1,13.87
Alice Springs,AU,1510981200,-23.7,133.88,96.8,16,0,9.17
Almeirim,BR,1510982683,-1.52,-52.58,82.25,67,12,5.61
Elblag,PL,1510981200,54.15,19.41,37.4,86,0,13.87
Nuevo Progreso,MX,1510982686,23.17,-97.95,75.95,100,68,13.78
Duldurga,RU,1510982687,50.68,113.59,12.01,40,56,9.82
Nassau,BS,1510981200,25.06,-77.34,77.0,61,20,4.7
Tete,MZ,1510981200,-16.16,33.59,73.4,83,75,8.05
High Prairie,CA,1510982692,55.43,-116.49,12.41,79,24,7.02
Arnoldstein,AT,1510981200,46.55,13.71,39.2,93,75,1.12
Wailuku,US,1510980960,20.89,-156.5,70.7,78,90,3.36
Gursu,TR,1510980600,40.22,29.19,42.8,100,12,2.24
Itamarandiba,BR,1510982698,-17.86,-42.86,62.27,95,12,3.83
Satna,IN,1510982699,24.58,80.83,80.9,65,0,5.01
Baiyin,CN,1510977600,36.56,104.21,33.8,37,0,4.47
Severodvinsk,RU,1510979400,64.56,39.83,33.8,100,90,8.95
Puri,IN,1510979400,19.8,85.85,78.8,78,90,6.93
Tacna,PE,1510981200,-18.01,-70.25,60.87,82,0,3.36
Port Hardy,CA,1510981200,50.7,-127.42,41.0,86,90,4.7
Salvador,BR,1510982417,-12.97,-38.51,77.89,100,92,9.31
Yangambi,CD,1510982709,0.81,24.43,72.58,98,88,3.11
Astoria,US,1510980900,46.19,-123.83,42.8,93,1,5.82
Meybod,IR,1510979400,32.25,54.02,46.4,31,0,2.24
Am Timan,TD,1510982714,11.03,20.28,82.07,44,48,3.11
Tanout,NE,1510982715,14.97,8.89,66.55,35,0,9.75
Chambishi,ZM,1510982717,-12.63,28.05,66.28,95,80,9.64
Passagem Franca,BR,1510982718,-6.18,-43.78,70.37,95,92,2.04
Mascote,BR,1510982720,-15.56,-39.3,73.25,92,100,2.59
Itaituba,BR,1510982721,-4.28,-55.98,79.6,76,0,3.83
Ust-Nera,RU,1510982723,64.57,143.2,-24.36,64,48,2.21
Dostpur,IN,1510982724,26.28,82.47,79.73,81,20,4.34
Guaiba,BR,1510982720,-30.11,-51.33,64.7,100,92,3.49
Kukuna,SL,1510982727,9.4,-12.67,69.61,91,0,1.25
Pathardi,IN,1510982728,19.17,75.18,83.51,44,12,7.81
Hanzhong,CN,1510982730,33.07,107.03,42.83,92,88,4.38
Kurchum,KZ,1510982731,48.57,83.65,36.08,77,12,17.81
Tazmalt,DZ,1510981200,36.39,4.4,50.0,81,20,12.75
Bang Saphan,TH,1510977600,11.21,99.51,87.8,70,20,8.05
Labuan,PH,1510977600,7.1,121.9,91.4,59,20,4.7
Ankang,CN,1510982737,32.68,109.02,37.25,85,92,3.49
Kenda,IN,1510977600,23.2,86.53,75.2,88,90,4.72
Fortuna Foothills,US,1510981020,32.66,-114.41,71.6,46,1,3.36
Aki,JP,1510977600,33.5,133.9,60.8,59,75,13.87
Ustka,PL,1510982743,54.58,16.86,43.37,100,92,25.7
Hua Hin,TH,1510977600,12.57,99.96,87.8,70,20,5.82
Sangar,RU,1510982746,63.92,127.47,-21.43,61,56,4.23
Castrillon,ES,1510981200,43.55,-5.99,51.8,81,20,3.36
Port Elizabeth,ZA,1510981200,-33.92,25.57,57.2,76,0,2.24
Gravelbourg,CA,1510982750,49.88,-106.55,-0.55,82,20,7.52
El Tigre,VE,1510982595,8.89,-64.25,76.54,82,0,12.88
Lhokseumawe,ID,1510982753,5.18,97.15,80.9,100,32,6.4
Pisco,PE,1510981200,-13.7,-76.22,62.6,88,0,3.36
Arlit,NE,1510982756,18.74,7.39,61.28,52,8,2.77
Rancho Veloz,CU,1510980600,22.88,-80.39,68.0,88,20,4.7
Orodara,BF,1510982759,10.95,-4.93,70.28,44,56,2.71
Villacarrillo,ES,1510982760,38.09,-3.03,29.06,79,0,3.56
Didao,CN,1510982762,45.37,130.8,9.49,61,48,8.75
Collie,AU,1510982764,-33.27,116.17,68.53,64,48,14.56
Viravanallur,IN,1510981200,8.7,77.53,87.8,70,20,6.93
Verkhnetulomskiy,RU,1510979400,68.61,31.8,15.8,85,75,2.24
Kautokeino,NO,1510982768,69.01,23.04,18.4,88,80,5.06
Sydney,AU,1510981200,-33.87,151.21,73.56,64,75,19.46
Timmins,CA,1510981200,48.47,-81.33,24.8,92,90,11.41
Chanika,TZ,1510982772,-5.42,38.02,76.99,68,0,3.33
Aleksandrovskiy Zavod,RU,1510982774,50.92,117.94,-2.35,44,0,6.8
Borodino,RU,1510982775,55.91,94.9,25.51,88,80,9.53
Titlagarh,IN,1510982776,20.3,83.15,80.68,81,24,5.35
Nendaz,CH,1510980600,46.18,7.3,28.4,92,0,1.12
Marsassoum,SN,1510981200,12.83,-15.98,68.0,94,0,2.24
Blatnica,BA,1510981200,44.49,17.82,41.0,93,90,2.24
Nizhnetroitskiy,RU,1510982782,54.34,53.68,29.15,92,56,11.27
Natchez,US,1510980960,31.56,-91.4,64.4,88,1,10.29
Ahipara,NZ,1510982785,-35.17,173.17,58.18,91,100,23.91
Monchegorsk,RU,1510982786,67.94,32.87,15.02,100,68,2.37
Chatellerault,FR,1510981200,46.8,0.53,44.6,93,90,5.82
Motomiya,JP,1510977600,37.52,140.4,46.4,81,75,5.82
Alto Araguaia,BR,1510982542,-17.31,-53.22,68.26,93,80,6.91
Omidiyeh,IR,1510981200,30.76,49.7,58.77,44,0,2.24
Paarl,ZA,1510981200,-33.73,18.98,59.0,77,75,3.36
Uruacu,BR,1510982795,-14.52,-49.14,68.3,89,44,3.0
Ayan,RU,1510982797,56.45,138.17,-5.55,100,0,9.26
Stranda,NO,1510980600,62.31,6.94,40.1,80,68,18.34
Ambovombe,MG,1510982800,-25.17,46.08,74.42,96,48,7.4
Baherden,TM,1510982802,38.44,57.43,47.96,92,12,4.27
Gayeri,BF,1510982803,12.65,0.49,64.84,57,8,3.38
Prince Rupert,CA,1510981200,54.32,-130.32,41.0,93,90,9.17
Zhangye,CN,1510982806,38.93,100.45,34.24,88,12,4.38
Srivardhan,IN,1510982808,18.03,73.02,82.97,66,64,4.12
Kodinsk,RU,1510982809,58.69,99.18,7.46,75,88,2.59
Linhai,CN,1510982811,28.85,121.12,55.93,75,64,13.18
Afua,BR,1510982812,-0.16,-50.39,79.15,100,8,9.42
Ende,ID,1510982814,-8.84,121.66,76.45,100,92,4.12
Rialma,BR,1510982815,-15.31,-49.58,66.86,90,32,2.89
Papetoai,PF,1510980660,-17.5,-149.87,80.6,74,75,1.12
Aconibe,GQ,1510982818,1.3,10.94,70.78,99,92,2.82
Bandundu,CD,1510982819,-3.32,17.37,76.22,86,68,6.35
Inverness,CA,1510981260,46.23,-61.3,33.8,85,90,16.11
Salmas,IR,1510981200,38.2,44.77,37.24,79,0,2.24
Indianola,US,1510982100,41.36,-93.56,47.07,100,90,12.75
Norman Wells,CA,1510981200,65.28,-126.83,-5.81,76,90,6.93
Kasane,BW,1510981200,-17.82,25.15,69.8,20,0,8.05
Ormara,PK,1510982829,25.21,64.64,76.67,71,0,11.32
Falam,MM,1510982645,22.92,93.68,75.41,70,24,0.69
Worthing,GB,1510980600,50.81,-0.37,37.89,86,90,5.82
Purranque,CL,1510977600,-40.92,-73.17,44.6,93,75,5.82
Tilichiki,RU,1510982834,60.47,166.1,31.63,93,56,10.42
Salta,AR,1510977600,-24.79,-65.41,64.74,72,0,3.36
Kurumkan,RU,1510982837,54.3,110.3,-1.23,59,0,1.54
Bossangoa,CF,1510982838,6.49,17.46,75.28,75,64,10.6
Koping,SE,1510980600,59.51,15.99,42.8,75,80,13.87
Lastoursville,GA,1510982842,-0.81,12.73,72.8,98,88,2.59
Fulton,US,1510980840,43.32,-76.42,26.47,74,1,3.36
Bartlesville,US,1510982100,36.75,-95.98,70.2,72,1,5.82
Kapit,MY,1510982846,2.02,112.93,82.52,79,88,2.77
Southbury,US,1510980960,41.48,-73.21,29.66,54,1,2.26
Calvia,ES,1510981200,39.57,2.51,41.0,93,0,1.21
Rovaniemi,FI,1510980600,66.5,25.72,19.4,92,75,13.87
Xifeng,CN,1510982852,42.74,124.72,14.71,70,0,7.52
Braedstrup,DK,1510980600,55.97,9.61,42.84,87,75,13.87
Voiron,FR,1510981200,45.36,5.59,38.77,93,90,3.36
Soyaux,FR,1510981200,45.65,0.2,42.8,93,90,12.75
Chokwe,MZ,1510982858,-24.53,32.98,74.38,68,0,4.83
Rocha,UY,1510982859,-34.48,-54.33,55.66,80,0,9.6
Bodden Town,KY,1510982750,19.28,-81.25,79.06,100,80,21.12
Cayambe,EC,1510982862,0.05,-78.13,45.76,95,36,1.77
Odienne,CI,1510982864,9.51,-7.57,66.05,61,44,3.27
Constantine,DZ,1510981200,36.37,6.61,37.4,93,40,3.56
Pinheiro Machado,BR,1510982867,-31.58,-53.38,60.02,89,8,1.36
Fenyi,CN,1510982868,27.81,114.67,48.1,100,92,14.18
Novaya Zaimka,RU,1510982870,56.49,66.92,26.81,98,76,8.25
Tera,NE,1510982871,14.01,0.75,64.75,34,8,7.36
Dehloran,IR,1510982872,32.69,47.27,60.79,47,20,4.12
Fort-Shevchenko,KZ,1510982874,44.51,50.26,39.28,100,0,16.13
Nexo,DK,1510980600,55.06,15.13,44.6,81,92,25.28
Vartej,IN,1510982877,21.73,72.07,77.98,54,0,10.27
Znamenskoye,RU,1510982878,57.13,73.83,32.3,100,88,3.78
Sergeyevka,KZ,1510982880,53.88,67.42,28.21,96,76,9.93
Springhill,CA,1510982882,45.65,-64.05,35.72,75,68,12.39
Ifakara,TZ,1510982883,-8.13,36.68,84.05,56,0,3.83
Shenjiamen,CN,1510982885,29.96,122.3,59.21,100,48,28.66
Inongo,CD,1510982886,-1.95,18.27,76.09,89,88,1.77
Saint Albans,US,1510980900,44.81,-73.08,18.95,85,1,2.26
Iramuco,MX,1510980000,19.95,-100.92,51.8,76,5,2.55
Boke,GN,1510982890,10.94,-14.3,72.76,92,24,2.71
Amazar,RU,1510982892,53.86,120.88,-3.07,46,0,4.34
Charyshskoye,RU,1510982893,51.4,83.56,38.83,66,44,6.85
Nambutalai,IN,1510982895,9.72,79.0,82.3,100,0,6.02
Sehithwa,BW,1510982896,-20.47,22.72,70.55,25,0,8.08
Mangan,IN,1510982898,27.52,88.53,45.85,40,0,1.7
Pathalgaon,IN,1510982899,22.57,83.47,78.61,73,8,4.12
Luanda,AO,1510981200,-8.84,13.23,75.2,83,75,6.93
Yerbogachen,RU,1510982903,61.28,108.01,-20.17,86,0,2.89
Balotra,IN,1510982904,25.83,72.23,75.32,50,0,10.83
Venosa,IT,1510980900,40.96,15.81,39.2,80,0,3.0
Gap,FR,1510982907,44.57,6.08,20.06,90,0,3.33
Ola,RU,1510981200,59.58,151.28,-2.21,91,40,15.86
Phatthalung,TH,1510977600,7.62,100.08,91.4,59,20,4.7
Assiniboia,CA,1510982912,49.63,-105.98,0.89,86,32,8.25
Masterton,NZ,1510982913,-40.96,175.66,52.33,74,48,13.33
Hermanus,ZA,1510982915,-34.42,19.23,57.73,84,12,3.04
Hue,VN,1510979400,16.47,107.6,91.4,66,20,6.93
Palmerston North,NZ,1510982918,-40.35,175.62,56.6,48,0,15.9
Cananea,MX,1510982888,30.95,-110.3,42.65,76,0,2.77
Mathathane,BW,1510982921,-22.27,28.75,69.16,54,0,11.83
Mayumba,GA,1510982922,-3.43,10.66,73.16,100,92,2.26
Murwara,IN,1510982924,23.85,80.4,80.95,66,12,6.13
Abatskoye,RU,1510982925,56.29,70.46,25.28,98,76,8.41
San Luis,MX,1510982927,28.43,-113.75,58.76,100,32,5.79
Kotagiri,IN,1510981200,11.43,76.88,84.2,58,40,6.93
Esperance,AU,1510982929,-33.87,121.9,72.08,66,68,16.13
Korla,CN,1510982931,41.76,86.15,40.31,50,0,3.04
Huntsville,CA,1510981200,45.33,-79.22,30.2,80,75,10.29
Inta,RU,1510982934,66.03,60.17,11.83,87,36,2.21
Nerja,ES,1510981200,36.76,-3.89,40.24,100,0,7.02
Lagoa,PT,1510982937,39.05,-27.98,66.95,100,92,25.14
Oum Hadjer,TD,1510982939,13.3,19.7,72.08,39,0,3.83
La Ligua,CL,1510981200,-32.45,-71.23,53.6,87,0,1.88
Luau,AO,1510982942,-10.71,22.22,68.89,85,64,3.22
Luangwa,ZM,1510982943,-15.62,30.42,71.95,78,92,10.87
Taoudenni,ML,1510982945,22.68,-3.98,55.7,33,88,8.59
Makhinjauri,GE,1510981200,41.67,41.69,53.6,71,0,6.93
Narbonne,FR,1510981200,43.18,3.0,47.03,70,0,6.93
Sundumbili,ZA,1510982949,-29.13,31.4,64.93,77,0,5.57
Bunbury,AU,1510982951,-33.33,115.63,69.92,73,88,12.84
Atbasar,KZ,1510982952,51.8,68.33,27.17,98,36,10.09
Koppang,NO,1510982954,61.57,11.06,9.71,68,0,2.21
Orillia,CA,1510981200,44.61,-79.42,32.07,80,75,10.29
Huntingdon,CA,1510981200,45.08,-74.17,21.16,68,75,3.36
Zacualtipan,MX,1510982958,20.65,-98.6,43.01,83,0,2.37
Hanamaki,JP,1510977600,39.38,141.12,51.8,66,75,4.7
Neka,IR,1510981200,36.65,53.3,59.22,93,0,2.24
Novovoronezh,RU,1510981200,51.31,39.22,28.4,100,92,6.71
Groningen,SR,1510981200,5.8,-55.47,75.2,94,20,6.93
Ojinaga,MX,1510982966,29.57,-104.42,54.53,42,0,7.07
Oltu,TR,1510982967,40.55,42.0,31.31,77,0,1.54
Tremedal,BR,1510982969,-14.98,-41.41,64.39,94,44,5.39
Poway,US,1510981020,32.96,-117.04,61.7,82,20,4.7
Makariv,UA,1510981920,50.46,29.81,35.6,100,90,4.47
Ous,RU,1510982973,60.91,61.52,13.85,85,64,3.56
Idlib,SY,1510980600,35.93,36.63,51.8,71,0,6.93
Sisauli,IN,1510982976,29.42,77.47,66.32,94,92,3.11
El Paujil,CO,1510982978,1.57,-75.33,67.0,94,48,1.88
Tevaitoa,PF,1510982980,-16.78,-151.5,79.24,100,80,22.06
Kutum,SD,1510982981,14.2,24.67,71.95,30,0,6.29
Correia Pinto,BR,1510982983,-27.58,-50.36,60.88,98,92,8.3
Campeche,MX,1510982984,19.82,-90.53,75.19,93,0,9.26
Paoua,CF,1510982985,7.24,16.44,84.5,40,92,7.29
Bashtanka,UA,1510981200,47.41,32.44,35.6,93,0,8.95
Tazovskiy,RU,1510982989,67.47,78.7,7.69,84,88,9.64
San Luis,AR,1510982947,-33.3,-66.34,55.25,17,0,11.27
Vostok,RU,1510982991,48.92,148.9,35.72,100,88,24.47
Ouadda,CF,1510982993,8.08,22.4,70.1,95,80,7.92
Chadiza,ZM,1510982994,-14.07,32.44,75.73,61,0,13.33
Udachnyy,RU,1510982996,66.42,112.4,-6.45,71,68,4.56
Aklavik,CA,1510981200,68.22,-135.01,-11.21,76,75,5.82
Borogontsy,RU,1510982999,62.67,131.17,-18.82,81,48,3.0
Dong Hoi,VN,1510983000,17.48,106.6,81.62,94,8,10.42
Naliya,IN,1510983002,23.27,68.83,76.13,34,0,10.27
Blackwater,AU,1510983005,-23.58,148.88,85.76,34,36,7.58
Launceston,AU,1510981200,-41.45,147.17,71.6,49,90,13.87
Koshki,RU,1510983008,54.21,50.47,30.41,94,88,12.1
Jurm,AF,1510983010,36.86,70.83,21.95,83,48,0.69
Gazimurskiy Zavod,RU,1510983011,51.55,118.33,-2.71,45,0,4.72
Finschhafen,PG,1510983013,-6.6,147.87,77.8,94,80,2.37
Gilgit,PK,1510983014,35.92,74.31,21.1,81,80,0.47
Garliciu,RO,1510981200,44.77,28.08,44.58,100,75,12.75
San Francisco,AR,1510983015,-31.43,-62.08,58.76,37,44,11.65
Ponazyrevo,RU,1510983018,58.36,46.31,33.47,87,92,8.81
